{"cameraMode":{"drawMode":0,"name":"Shaded","section":"Shading Mode"},"sceneLighting":true,"audioPlay":false,"sceneViewState":{"showFog":true,"showMaterialUpdate":false,"showSkybox":true,"showFlares":true,"showImageEffects":true,"showParticleSystems":true},"in2DMode":false,"pivot":{"x":3.259999990463257,"y":0.7999999523162842,"z":-4.019999980926514},"rotation":{"x":-0.22040681540966035,"y":-0.024869279935956,"z":0.0056205205619335178,"w":-0.9750780463218689},"size":1.5921684503555298,"orthographic":false}