{"cameraMode":{"drawMode":0,"name":"Shaded","section":"Shading Mode"},"sceneLighting":true,"audioPlay":false,"sceneViewState":{"showFog":true,"showMaterialUpdate":false,"showSkybox":true,"showFlares":true,"showImageEffects":true,"showParticleSystems":true},"in2DMode":false,"pivot":{"x":-0.9657848477363586,"y":2.4201245307922365,"z":1.9140208959579468},"rotation":{"x":-0.011902661062777043,"y":0.25367772579193118,"z":-0.003121748333796859,"w":-0.9672118425369263},"size":5.966026306152344,"orthographic":false}